{"cameraMode":{"drawMode":0,"name":"Shaded","section":"Shading Mode"},"sceneLighting":true,"audioPlay":false,"sceneViewState":{"m_AlwaysRefresh":false,"showFog":true,"showSkybox":true,"showFlares":true,"showImageEffects":true,"showParticleSystems":true,"showVisualEffectGraphs":true,"m_FxEnabled":true},"in2DMode":false,"pivot":{"x":1.4979546070098878,"y":-1.0127092599868775,"z":-0.15022549033164979},"rotation":{"x":-0.633016049861908,"y":-0.012320003472268582,"z":0.01005075965076685,"w":-0.7740272283554077},"size":2.9255218505859377,"orthographic":false}