{"cameraMode":{"drawMode":0,"name":"Shaded","section":"Shading Mode"},"sceneLighting":true,"audioPlay":false,"sceneViewState":{"m_AlwaysRefresh":false,"showFog":true,"showSkybox":true,"showFlares":true,"showImageEffects":true,"showParticleSystems":true,"showVisualEffectGraphs":true,"m_FxEnabled":true},"in2DMode":false,"pivot":{"x":1.24944269657135,"y":-0.8655232191085815,"z":0.7366671562194824},"rotation":{"x":0.47093501687049868,"y":-0.023264732211828233,"z":0.01245775818824768,"w":0.8818234205245972},"size":3.4233102798461916,"orthographic":false}