{"cameraMode":{"drawMode":0,"name":"Shaded","section":"Shading Mode"},"sceneLighting":true,"audioPlay":false,"sceneViewState":{"m_AlwaysRefresh":false,"showFog":true,"showSkybox":true,"showFlares":true,"showImageEffects":true,"showParticleSystems":true,"showVisualEffectGraphs":true,"m_FxEnabled":true},"in2DMode":false,"pivot":{"x":0.0012191195273771883,"y":1.9964708089828492,"z":-0.003244264516979456},"rotation":{"x":0.3527117073535919,"y":0.04660071060061455,"z":-0.017536230385303499,"w":0.9344627857208252},"size":2.050072193145752,"orthographic":false}